{
    "accuracy": 0.9411764705882353,
    "precision": 0.9300699300699301,
    "recall": 0.9708029197080292,
    "f1_score": 0.95,
    "roc_auc": 0.9864132398641323
}